Date and Time Run 1,Time (s) Run 1,Temperature (Â°C) Run 1,Date and Time Run 2,Time (s) Run 2,Temperature (Â°C) Run 2
10/21/2020 02:10:23 pm,0.000,22.8,10/21/2020 02:12:16 pm,0.000,32.0
10/21/2020 02:10:23 pm,0.500,22.8,10/21/2020 02:12:16 pm,0.500,32.0
10/21/2020 02:10:24 pm,1.000,22.8,10/21/2020 02:12:17 pm,1.000,32.0
10/21/2020 02:10:24 pm,1.500,22.8,10/21/2020 02:12:17 pm,1.500,32.0
10/21/2020 02:10:25 pm,2.000,22.8,10/21/2020 02:12:18 pm,2.000,32.0
10/21/2020 02:10:25 pm,2.500,22.7,10/21/2020 02:12:18 pm,2.500,32.0
10/21/2020 02:10:26 pm,3.000,22.8,10/21/2020 02:12:19 pm,3.000,32.0
10/21/2020 02:10:26 pm,3.500,22.7,10/21/2020 02:12:19 pm,3.500,32.0
10/21/2020 02:10:27 pm,4.000,22.7,10/21/2020 02:12:20 pm,4.000,32.0
10/21/2020 02:10:27 pm,4.500,22.7,10/21/2020 02:12:20 pm,4.500,32.0
10/21/2020 02:10:28 pm,5.000,22.7,10/21/2020 02:12:21 pm,5.000,32.0
10/21/2020 02:10:28 pm,5.500,22.7,10/21/2020 02:12:21 pm,5.500,32.0
10/21/2020 02:10:29 pm,6.000,22.7,10/21/2020 02:12:22 pm,6.000,32.0
10/21/2020 02:10:29 pm,6.500,22.8,10/21/2020 02:12:22 pm,6.500,32.0
10/21/2020 02:10:30 pm,7.000,22.8,10/21/2020 02:12:23 pm,7.000,32.0
10/21/2020 02:10:30 pm,7.500,22.9,10/21/2020 02:12:23 pm,7.500,32.0
10/21/2020 02:10:31 pm,8.000,22.9,10/21/2020 02:12:24 pm,8.000,32.0
10/21/2020 02:10:31 pm,8.500,23.0,10/21/2020 02:12:24 pm,8.500,32.0
10/21/2020 02:10:32 pm,9.000,23.1,10/21/2020 02:12:25 pm,9.000,32.0
10/21/2020 02:10:32 pm,9.500,23.2,10/21/2020 02:12:25 pm,9.500,32.0
10/21/2020 02:10:33 pm,10.000,23.4,10/21/2020 02:12:26 pm,10.000,32.0
10/21/2020 02:10:33 pm,10.500,23.4,10/21/2020 02:12:26 pm,10.500,32.0
10/21/2020 02:10:34 pm,11.000,23.5,10/21/2020 02:12:27 pm,11.000,32.0
10/21/2020 02:10:34 pm,11.500,23.6,10/21/2020 02:12:27 pm,11.500,31.9
10/21/2020 02:10:35 pm,12.000,23.7,10/21/2020 02:12:28 pm,12.000,31.9
10/21/2020 02:10:35 pm,12.500,23.8,10/21/2020 02:12:28 pm,12.500,31.8
10/21/2020 02:10:36 pm,13.000,24.1,10/21/2020 02:12:29 pm,13.000,31.8
10/21/2020 02:10:36 pm,13.500,24.4,10/21/2020 02:12:29 pm,13.500,31.8
10/21/2020 02:10:37 pm,14.000,24.9,10/21/2020 02:12:30 pm,14.000,31.7
10/21/2020 02:10:37 pm,14.500,25.3,10/21/2020 02:12:30 pm,14.500,31.7
10/21/2020 02:10:38 pm,15.000,25.8,10/21/2020 02:12:31 pm,15.000,31.6
10/21/2020 02:10:38 pm,15.500,26.3,10/21/2020 02:12:31 pm,15.500,31.6
10/21/2020 02:10:39 pm,16.000,26.7,10/21/2020 02:12:32 pm,16.000,31.6
10/21/2020 02:10:39 pm,16.500,27.1,10/21/2020 02:12:32 pm,16.500,31.6
10/21/2020 02:10:40 pm,17.000,27.4,10/21/2020 02:12:33 pm,17.000,31.5
10/21/2020 02:10:40 pm,17.500,27.7,10/21/2020 02:12:33 pm,17.500,31.5
10/21/2020 02:10:41 pm,18.000,27.9,10/21/2020 02:12:34 pm,18.000,31.5
10/21/2020 02:10:41 pm,18.500,28.2,10/21/2020 02:12:34 pm,18.500,31.4
10/21/2020 02:10:42 pm,19.000,28.4,10/21/2020 02:12:35 pm,19.000,31.4
10/21/2020 02:10:42 pm,19.500,28.6,10/21/2020 02:12:35 pm,19.500,31.4
10/21/2020 02:10:43 pm,20.000,28.8,10/21/2020 02:12:36 pm,20.000,31.3
10/21/2020 02:10:43 pm,20.500,28.9,10/21/2020 02:12:36 pm,20.500,31.3
10/21/2020 02:10:44 pm,21.000,29.0,10/21/2020 02:12:37 pm,21.000,31.3
10/21/2020 02:10:44 pm,21.500,29.1,10/21/2020 02:12:37 pm,21.500,31.2
10/21/2020 02:10:45 pm,22.000,29.3,10/21/2020 02:12:38 pm,22.000,31.2
10/21/2020 02:10:45 pm,22.500,29.4,10/21/2020 02:12:38 pm,22.500,31.1
10/21/2020 02:10:46 pm,23.000,29.5,10/21/2020 02:12:39 pm,23.000,31.1
10/21/2020 02:10:46 pm,23.500,29.6,10/21/2020 02:12:39 pm,23.500,31.1
10/21/2020 02:10:47 pm,24.000,29.7,10/21/2020 02:12:40 pm,24.000,31.0
10/21/2020 02:10:47 pm,24.500,29.8,10/21/2020 02:12:40 pm,24.500,31.0
10/21/2020 02:10:48 pm,25.000,29.9,10/21/2020 02:12:41 pm,25.000,31.0
10/21/2020 02:10:48 pm,25.500,30.0,10/21/2020 02:12:41 pm,25.500,30.9
10/21/2020 02:10:49 pm,26.000,30.0,10/21/2020 02:12:42 pm,26.000,30.9
10/21/2020 02:10:49 pm,26.500,30.1,10/21/2020 02:12:42 pm,26.500,30.9
10/21/2020 02:10:50 pm,27.000,30.2,10/21/2020 02:12:43 pm,27.000,30.8
10/21/2020 02:10:50 pm,27.500,30.3,10/21/2020 02:12:43 pm,27.500,30.8
10/21/2020 02:10:51 pm,28.000,30.4,10/21/2020 02:12:44 pm,28.000,30.8
10/21/2020 02:10:51 pm,28.500,30.4,10/21/2020 02:12:44 pm,28.500,30.7
10/21/2020 02:10:52 pm,29.000,30.5,10/21/2020 02:12:45 pm,29.000,30.7
10/21/2020 02:10:52 pm,29.500,30.6,10/21/2020 02:12:45 pm,29.500,30.7
10/21/2020 02:10:53 pm,30.000,30.6,10/21/2020 02:12:46 pm,30.000,30.6
10/21/2020 02:10:53 pm,30.500,30.6,10/21/2020 02:12:46 pm,30.500,30.6
10/21/2020 02:10:54 pm,31.000,30.7,10/21/2020 02:12:47 pm,31.000,30.6
10/21/2020 02:10:54 pm,31.500,30.8,10/21/2020 02:12:47 pm,31.500,30.5
10/21/2020 02:10:55 pm,32.000,30.8,10/21/2020 02:12:48 pm,32.000,30.5
10/21/2020 02:10:55 pm,32.500,30.9,10/21/2020 02:12:48 pm,32.500,30.5
10/21/2020 02:10:56 pm,33.000,30.9,10/21/2020 02:12:49 pm,33.000,30.4
10/21/2020 02:10:56 pm,33.500,31.0,10/21/2020 02:12:49 pm,33.500,30.4
10/21/2020 02:10:57 pm,34.000,31.0,10/21/2020 02:12:50 pm,34.000,30.4
10/21/2020 02:10:57 pm,34.500,31.0,10/21/2020 02:12:50 pm,34.500,30.3
10/21/2020 02:10:58 pm,35.000,31.1,10/21/2020 02:12:51 pm,35.000,30.3
10/21/2020 02:10:58 pm,35.500,31.1,10/21/2020 02:12:51 pm,35.500,30.3
10/21/2020 02:10:59 pm,36.000,31.1,10/21/2020 02:12:52 pm,36.000,30.2
10/21/2020 02:10:59 pm,36.500,31.1,10/21/2020 02:12:52 pm,36.500,30.2
10/21/2020 02:11:00 pm,37.000,31.2,10/21/2020 02:12:53 pm,37.000,30.2
10/21/2020 02:11:00 pm,37.500,31.3,10/21/2020 02:12:53 pm,37.500,30.1
10/21/2020 02:11:01 pm,38.000,31.3,10/21/2020 02:12:54 pm,38.000,30.1
10/21/2020 02:11:01 pm,38.500,31.3,10/21/2020 02:12:54 pm,38.500,30.0
10/21/2020 02:11:02 pm,39.000,31.3,10/21/2020 02:12:55 pm,39.000,30.0
10/21/2020 02:11:02 pm,39.500,31.4,10/21/2020 02:12:55 pm,39.500,30.0
10/21/2020 02:11:03 pm,40.000,31.4,10/21/2020 02:12:56 pm,40.000,30.0
10/21/2020 02:11:03 pm,40.500,31.4,10/21/2020 02:12:56 pm,40.500,29.9
10/21/2020 02:11:04 pm,41.000,31.4,10/21/2020 02:12:57 pm,41.000,29.9
10/21/2020 02:11:04 pm,41.500,31.5,10/21/2020 02:12:57 pm,41.500,29.8
10/21/2020 02:11:05 pm,42.000,31.5,10/21/2020 02:12:58 pm,42.000,29.8
10/21/2020 02:11:05 pm,42.500,31.5,10/21/2020 02:12:58 pm,42.500,29.8
10/21/2020 02:11:06 pm,43.000,31.6,10/21/2020 02:12:59 pm,43.000,29.8
10/21/2020 02:11:06 pm,43.500,31.6,10/21/2020 02:12:59 pm,43.500,29.7
10/21/2020 02:11:07 pm,44.000,31.6,10/21/2020 02:13:00 pm,44.000,29.7
10/21/2020 02:11:07 pm,44.500,31.6,10/21/2020 02:13:00 pm,44.500,29.7
10/21/2020 02:11:08 pm,45.000,31.6,10/21/2020 02:13:01 pm,45.000,29.6
10/21/2020 02:11:08 pm,45.500,31.7,10/21/2020 02:13:01 pm,45.500,29.6
10/21/2020 02:11:09 pm,46.000,31.7,10/21/2020 02:13:02 pm,46.000,29.6
10/21/2020 02:11:09 pm,46.500,31.7,10/21/2020 02:13:02 pm,46.500,29.6
10/21/2020 02:11:10 pm,47.000,31.7,10/21/2020 02:13:03 pm,47.000,29.5
10/21/2020 02:11:10 pm,47.500,31.7,10/21/2020 02:13:03 pm,47.500,29.5
10/21/2020 02:11:11 pm,48.000,31.8,10/21/2020 02:13:04 pm,48.000,29.5
10/21/2020 02:11:11 pm,48.500,31.8,10/21/2020 02:13:04 pm,48.500,29.4
10/21/2020 02:11:12 pm,49.000,31.8,10/21/2020 02:13:05 pm,49.000,29.4
10/21/2020 02:11:12 pm,49.500,31.8,10/21/2020 02:13:05 pm,49.500,29.3
10/21/2020 02:11:13 pm,50.000,31.8,10/21/2020 02:13:06 pm,50.000,29.3
10/21/2020 02:11:13 pm,50.500,31.8,10/21/2020 02:13:06 pm,50.500,29.2
10/21/2020 02:11:14 pm,51.000,31.9,10/21/2020 02:13:07 pm,51.000,29.1
10/21/2020 02:11:14 pm,51.500,31.9,10/21/2020 02:13:07 pm,51.500,29.1
10/21/2020 02:11:15 pm,52.000,31.9,10/21/2020 02:13:08 pm,52.000,29.0
10/21/2020 02:11:15 pm,52.500,31.9,10/21/2020 02:13:08 pm,52.500,28.9
10/21/2020 02:11:16 pm,53.000,31.9,10/21/2020 02:13:09 pm,53.000,28.9
10/21/2020 02:11:16 pm,53.500,31.9,10/21/2020 02:13:09 pm,53.500,28.8
10/21/2020 02:11:17 pm,54.000,31.9,10/21/2020 02:13:10 pm,54.000,28.7
10/21/2020 02:11:17 pm,54.500,31.9,10/21/2020 02:13:10 pm,54.500,28.7
10/21/2020 02:11:18 pm,55.000,32.0,10/21/2020 02:13:11 pm,55.000,28.6
10/21/2020 02:11:18 pm,55.500,32.0,10/21/2020 02:13:11 pm,55.500,28.6
10/21/2020 02:11:19 pm,56.000,32.0,10/21/2020 02:13:12 pm,56.000,28.5
10/21/2020 02:11:19 pm,56.500,32.0,10/21/2020 02:13:12 pm,56.500,28.4
10/21/2020 02:11:20 pm,57.000,32.0,10/21/2020 02:13:13 pm,57.000,28.3
10/21/2020 02:11:20 pm,57.500,32.0,10/21/2020 02:13:13 pm,57.500,28.2
10/21/2020 02:11:21 pm,58.000,32.1,10/21/2020 02:13:14 pm,58.000,28.2
10/21/2020 02:11:21 pm,58.500,32.1,10/21/2020 02:13:14 pm,58.500,28.1
10/21/2020 02:11:22 pm,59.000,32.1,10/21/2020 02:13:15 pm,59.000,28.0
10/21/2020 02:11:22 pm,59.500,32.1,10/21/2020 02:13:15 pm,59.500,27.9
10/21/2020 02:11:23 pm,60.000,32.1,10/21/2020 02:13:16 pm,60.000,27.8
10/21/2020 02:11:23 pm,60.500,32.1,10/21/2020 02:13:16 pm,60.500,27.8
10/21/2020 02:11:24 pm,61.000,32.1,10/21/2020 02:13:17 pm,61.000,27.7
10/21/2020 02:11:24 pm,61.500,32.1,10/21/2020 02:13:17 pm,61.500,27.7
10/21/2020 02:11:25 pm,62.000,32.1,10/21/2020 02:13:18 pm,62.000,27.6
10/21/2020 02:11:25 pm,62.500,32.2,10/21/2020 02:13:18 pm,62.500,27.6
10/21/2020 02:11:26 pm,63.000,32.2,10/21/2020 02:13:19 pm,63.000,27.6
10/21/2020 02:11:26 pm,63.500,32.2,10/21/2020 02:13:19 pm,63.500,27.5
10/21/2020 02:11:27 pm,64.000,32.2,10/21/2020 02:13:20 pm,64.000,27.5
10/21/2020 02:11:27 pm,64.500,32.2,10/21/2020 02:13:20 pm,64.500,27.4
10/21/2020 02:11:28 pm,65.000,32.2,10/21/2020 02:13:21 pm,65.000,27.2
10/21/2020 02:11:28 pm,65.500,32.2,10/21/2020 02:13:21 pm,65.500,27.0
10/21/2020 02:11:29 pm,66.000,32.2,10/21/2020 02:13:22 pm,66.000,26.8
10/21/2020 02:11:29 pm,66.500,32.2,10/21/2020 02:13:22 pm,66.500,26.7
10/21/2020 02:11:30 pm,67.000,32.2,10/21/2020 02:13:23 pm,67.000,26.5
10/21/2020 02:11:30 pm,67.500,32.2,10/21/2020 02:13:23 pm,67.500,26.3
10/21/2020 02:11:31 pm,68.000,32.3,10/21/2020 02:13:24 pm,68.000,26.2
10/21/2020 02:11:31 pm,68.500,32.3,10/21/2020 02:13:24 pm,68.500,26.0
10/21/2020 02:11:32 pm,69.000,32.3,10/21/2020 02:13:25 pm,69.000,25.8
10/21/2020 02:11:32 pm,69.500,32.3,10/21/2020 02:13:25 pm,69.500,25.6
10/21/2020 02:11:33 pm,70.000,32.3,10/21/2020 02:13:26 pm,70.000,25.4
10/21/2020 02:11:33 pm,70.500,32.3,10/21/2020 02:13:26 pm,70.500,25.3
10/21/2020 02:11:34 pm,71.000,32.3,10/21/2020 02:13:27 pm,71.000,25.1
10/21/2020 02:11:34 pm,71.500,32.3,10/21/2020 02:13:27 pm,71.500,25.0
10/21/2020 02:11:35 pm,72.000,32.3,10/21/2020 02:13:28 pm,72.000,24.9
10/21/2020 02:11:35 pm,72.500,32.3,10/21/2020 02:13:28 pm,72.500,24.8
10/21/2020 02:11:36 pm,73.000,32.3,10/21/2020 02:13:29 pm,73.000,24.7
10/21/2020 02:11:36 pm,73.500,32.3,10/21/2020 02:13:29 pm,73.500,24.6
10/21/2020 02:11:37 pm,74.000,32.3,10/21/2020 02:13:30 pm,74.000,24.5
10/21/2020 02:11:37 pm,74.500,32.4,10/21/2020 02:13:30 pm,74.500,24.4
10/21/2020 02:11:38 pm,75.000,32.4,10/21/2020 02:13:31 pm,75.000,24.3
10/21/2020 02:11:38 pm,75.500,32.4,10/21/2020 02:13:31 pm,75.500,24.2
10/21/2020 02:11:39 pm,76.000,32.4,10/21/2020 02:13:32 pm,76.000,24.1
10/21/2020 02:11:39 pm,76.500,32.4,10/21/2020 02:13:32 pm,76.500,24.0
10/21/2020 02:11:40 pm,77.000,32.4,10/21/2020 02:13:33 pm,77.000,23.9
10/21/2020 02:11:40 pm,77.500,32.4,10/21/2020 02:13:33 pm,77.500,23.8
10/21/2020 02:11:41 pm,78.000,32.4,10/21/2020 02:13:34 pm,78.000,23.8
10/21/2020 02:11:41 pm,78.500,32.4,10/21/2020 02:13:34 pm,78.500,23.6
10/21/2020 02:11:42 pm,79.000,32.4,10/21/2020 02:13:35 pm,79.000,23.6
10/21/2020 02:11:42 pm,79.500,32.4,10/21/2020 02:13:35 pm,79.500,23.5
10/21/2020 02:11:43 pm,80.000,32.4,10/21/2020 02:13:36 pm,80.000,23.4
10/21/2020 02:11:43 pm,80.500,32.4,10/21/2020 02:13:36 pm,80.500,23.3
10/21/2020 02:11:44 pm,81.000,32.4,10/21/2020 02:13:37 pm,81.000,23.2
10/21/2020 02:11:44 pm,81.500,32.5,10/21/2020 02:13:37 pm,81.500,23.0
10/21/2020 02:11:45 pm,82.000,32.4,10/21/2020 02:13:38 pm,82.000,22.9
10/21/2020 02:11:45 pm,82.500,32.5,10/21/2020 02:13:38 pm,82.500,22.9
10/21/2020 02:11:46 pm,83.000,32.6,10/21/2020 02:13:39 pm,83.000,22.8
10/21/2020 02:11:46 pm,83.500,32.6,10/21/2020 02:13:39 pm,83.500,22.7
10/21/2020 02:11:47 pm,84.000,32.7,10/21/2020 02:13:40 pm,84.000,22.6
10/21/2020 02:11:47 pm,84.500,32.6,10/21/2020 02:13:40 pm,84.500,22.6
10/21/2020 02:11:48 pm,85.000,32.6,10/21/2020 02:13:41 pm,85.000,22.5
10/21/2020 02:11:48 pm,85.500,32.6,10/21/2020 02:13:41 pm,85.500,22.3
10/21/2020 02:11:49 pm,86.000,32.6,10/21/2020 02:13:42 pm,86.000,22.2
10/21/2020 02:11:49 pm,86.500,32.6,10/21/2020 02:13:42 pm,86.500,22.1
10/21/2020 02:11:50 pm,87.000,32.6,10/21/2020 02:13:43 pm,87.000,21.9
10/21/2020 02:11:50 pm,87.500,32.6,10/21/2020 02:13:43 pm,87.500,21.8
10/21/2020 02:11:51 pm,88.000,32.5,10/21/2020 02:13:44 pm,88.000,21.6
10/21/2020 02:11:51 pm,88.500,32.6,10/21/2020 02:13:44 pm,88.500,21.4
10/21/2020 02:11:52 pm,89.000,32.5,10/21/2020 02:13:45 pm,89.000,21.3
10/21/2020 02:11:52 pm,89.500,32.6,10/21/2020 02:13:45 pm,89.500,21.3
10/21/2020 02:11:53 pm,90.000,32.6,10/21/2020 02:13:46 pm,90.000,21.2
10/21/2020 02:11:53 pm,90.500,32.6,10/21/2020 02:13:46 pm,90.500,21.1
10/21/2020 02:11:54 pm,91.000,32.6,10/21/2020 02:13:47 pm,91.000,21.1
10/21/2020 02:11:54 pm,91.500,32.6,10/21/2020 02:13:47 pm,91.500,21.0
10/21/2020 02:11:55 pm,92.000,32.6,10/21/2020 02:13:48 pm,92.000,20.9
10/21/2020 02:11:55 pm,92.500,32.6,10/21/2020 02:13:48 pm,92.500,20.8
10/21/2020 02:11:56 pm,93.000,32.6,10/21/2020 02:13:49 pm,93.000,20.7
10/21/2020 02:11:56 pm,93.500,32.6,10/21/2020 02:13:49 pm,93.500,20.6
10/21/2020 02:11:57 pm,94.000,32.6,10/21/2020 02:13:50 pm,94.000,20.5
10/21/2020 02:11:57 pm,94.500,32.6,10/21/2020 02:13:50 pm,94.500,20.3
10/21/2020 02:11:58 pm,95.000,32.6,10/21/2020 02:13:51 pm,95.000,20.3
10/21/2020 02:11:58 pm,95.500,32.6,10/21/2020 02:13:51 pm,95.500,20.2
10/21/2020 02:11:59 pm,96.000,32.6,10/21/2020 02:13:52 pm,96.000,20.1
10/21/2020 02:11:59 pm,96.500,32.6,10/21/2020 02:13:52 pm,96.500,19.9
10/21/2020 02:12:00 pm,97.000,32.6,10/21/2020 02:13:53 pm,97.000,19.8
10/21/2020 02:12:00 pm,97.500,32.6,10/21/2020 02:13:53 pm,97.500,19.7
10/21/2020 02:12:01 pm,98.000,32.6,10/21/2020 02:13:54 pm,98.000,19.6
10/21/2020 02:12:01 pm,98.500,32.6,10/21/2020 02:13:54 pm,98.500,19.5
10/21/2020 02:12:02 pm,99.000,32.5,10/21/2020 02:13:55 pm,99.000,19.4
10/21/2020 02:12:02 pm,99.500,32.5,10/21/2020 02:13:55 pm,99.500,19.2
10/21/2020 02:12:03 pm,100.000,32.4,10/21/2020 02:13:56 pm,100.000,19.1
10/21/2020 02:12:03 pm,100.500,32.4,10/21/2020 02:13:56 pm,100.500,19.0
10/21/2020 02:12:04 pm,101.000,32.3,10/21/2020 02:13:57 pm,101.000,18.9
10/21/2020 02:12:04 pm,101.500,32.3,10/21/2020 02:13:57 pm,101.500,18.8
10/21/2020 02:12:05 pm,102.000,32.3,10/21/2020 02:13:58 pm,102.000,18.7
10/21/2020 02:12:05 pm,102.500,32.2,10/21/2020 02:13:58 pm,102.500,18.6
10/21/2020 02:12:06 pm,103.000,32.2,10/21/2020 02:13:59 pm,103.000,18.5
10/21/2020 02:12:06 pm,103.500,32.2,10/21/2020 02:13:59 pm,103.500,18.5
10/21/2020 02:12:07 pm,104.000,32.2,10/21/2020 02:14:00 pm,104.000,18.4
10/21/2020 02:12:07 pm,104.500,32.1,10/21/2020 02:14:00 pm,104.500,18.3
10/21/2020 02:12:08 pm,105.000,32.1,10/21/2020 02:14:01 pm,105.000,18.2
10/21/2020 02:12:08 pm,105.500,32.1,10/21/2020 02:14:01 pm,105.500,18.1
10/21/2020 02:12:09 pm,106.000,32.1,10/21/2020 02:14:02 pm,106.000,18.0
10/21/2020 02:12:09 pm,106.500,32.1,10/21/2020 02:14:02 pm,106.500,18.0
10/21/2020 02:12:10 pm,107.000,32.1,10/21/2020 02:14:03 pm,107.000,17.9
10/21/2020 02:12:10 pm,107.500,32.1,10/21/2020 02:14:03 pm,107.500,17.8
10/21/2020 02:12:11 pm,108.000,32.1,10/21/2020 02:14:04 pm,108.000,17.7
10/21/2020 02:12:11 pm,108.500,32.1,10/21/2020 02:14:04 pm,108.500,17.6
10/21/2020 02:12:12 pm,109.000,32.1,10/21/2020 02:14:05 pm,109.000,17.5
10/21/2020 02:12:12 pm,109.500,32.1,10/21/2020 02:14:05 pm,109.500,17.5
10/21/2020 02:12:13 pm,110.000,32.1,10/21/2020 02:14:06 pm,110.000,17.4
,,,10/21/2020 02:14:06 pm,110.500,17.4
,,,10/21/2020 02:14:07 pm,111.000,17.3
,,,10/21/2020 02:14:07 pm,111.500,17.2
,,,10/21/2020 02:14:08 pm,112.000,17.2
,,,10/21/2020 02:14:08 pm,112.500,17.1
,,,10/21/2020 02:14:09 pm,113.000,17.0
,,,10/21/2020 02:14:09 pm,113.500,16.9
,,,10/21/2020 02:14:10 pm,114.000,16.8
,,,10/21/2020 02:14:10 pm,114.500,16.8
,,,10/21/2020 02:14:11 pm,115.000,16.7
,,,10/21/2020 02:14:11 pm,115.500,16.7
,,,10/21/2020 02:14:12 pm,116.000,16.5
,,,10/21/2020 02:14:12 pm,116.500,16.5
,,,10/21/2020 02:14:13 pm,117.000,16.4
,,,10/21/2020 02:14:13 pm,117.500,16.3
,,,10/21/2020 02:14:14 pm,118.000,16.2
,,,10/21/2020 02:14:14 pm,118.500,16.1
,,,10/21/2020 02:14:15 pm,119.000,16.0
,,,10/21/2020 02:14:15 pm,119.500,16.0
,,,10/21/2020 02:14:16 pm,120.000,15.9
,,,10/21/2020 02:14:16 pm,120.500,15.8
,,,10/21/2020 02:14:17 pm,121.000,15.7
,,,10/21/2020 02:14:17 pm,121.500,15.7
,,,10/21/2020 02:14:18 pm,122.000,15.6
,,,10/21/2020 02:14:18 pm,122.500,15.5
,,,10/21/2020 02:14:19 pm,123.000,15.5
,,,10/21/2020 02:14:19 pm,123.500,15.4
,,,10/21/2020 02:14:20 pm,124.000,15.4
,,,10/21/2020 02:14:20 pm,124.500,15.3
,,,10/21/2020 02:14:21 pm,125.000,15.3
,,,10/21/2020 02:14:21 pm,125.500,15.2
,,,10/21/2020 02:14:22 pm,126.000,15.2
,,,10/21/2020 02:14:22 pm,126.500,15.1
,,,10/21/2020 02:14:23 pm,127.000,15.1
,,,10/21/2020 02:14:23 pm,127.500,15.1
,,,10/21/2020 02:14:24 pm,128.000,15.0
,,,10/21/2020 02:14:24 pm,128.500,14.9
,,,10/21/2020 02:14:25 pm,129.000,14.8
,,,10/21/2020 02:14:25 pm,129.500,14.7
,,,10/21/2020 02:14:26 pm,130.000,14.7
,,,10/21/2020 02:14:26 pm,130.500,14.6
,,,10/21/2020 02:14:27 pm,131.000,14.5
,,,10/21/2020 02:14:27 pm,131.500,14.5
,,,10/21/2020 02:14:28 pm,132.000,14.4
,,,10/21/2020 02:14:28 pm,132.500,14.4
,,,10/21/2020 02:14:29 pm,133.000,14.3
,,,10/21/2020 02:14:29 pm,133.500,14.3
,,,10/21/2020 02:14:30 pm,134.000,14.2
,,,10/21/2020 02:14:30 pm,134.500,14.1
,,,10/21/2020 02:14:31 pm,135.000,14.0
,,,10/21/2020 02:14:31 pm,135.500,14.0
,,,10/21/2020 02:14:32 pm,136.000,13.9
,,,10/21/2020 02:14:32 pm,136.500,13.9
,,,10/21/2020 02:14:33 pm,137.000,13.8
,,,10/21/2020 02:14:33 pm,137.500,13.8
,,,10/21/2020 02:14:34 pm,138.000,13.7
,,,10/21/2020 02:14:34 pm,138.500,13.6
,,,10/21/2020 02:14:35 pm,139.000,13.6
,,,10/21/2020 02:14:35 pm,139.500,13.6
,,,10/21/2020 02:14:36 pm,140.000,13.5
,,,10/21/2020 02:14:36 pm,140.500,13.5
,,,10/21/2020 02:14:37 pm,141.000,13.5
,,,10/21/2020 02:14:37 pm,141.500,13.4
,,,10/21/2020 02:14:38 pm,142.000,13.3
,,,10/21/2020 02:14:38 pm,142.500,13.3
,,,10/21/2020 02:14:39 pm,143.000,13.3
,,,10/21/2020 02:14:39 pm,143.500,13.2
,,,10/21/2020 02:14:40 pm,144.000,13.2
,,,10/21/2020 02:14:40 pm,144.500,13.1
,,,10/21/2020 02:14:41 pm,145.000,13.1
,,,10/21/2020 02:14:41 pm,145.500,13.0
,,,10/21/2020 02:14:42 pm,146.000,13.0
,,,10/21/2020 02:14:42 pm,146.500,13.0
,,,10/21/2020 02:14:43 pm,147.000,12.9
,,,10/21/2020 02:14:43 pm,147.500,12.8
,,,10/21/2020 02:14:44 pm,148.000,12.8
,,,10/21/2020 02:14:44 pm,148.500,12.8
,,,10/21/2020 02:14:45 pm,149.000,12.7
,,,10/21/2020 02:14:45 pm,149.500,12.7
,,,10/21/2020 02:14:46 pm,150.000,12.6
,,,10/21/2020 02:14:46 pm,150.500,12.6
,,,10/21/2020 02:14:47 pm,151.000,12.5
,,,10/21/2020 02:14:47 pm,151.500,12.5
,,,10/21/2020 02:14:48 pm,152.000,12.4
,,,10/21/2020 02:14:48 pm,152.500,12.3
,,,10/21/2020 02:14:49 pm,153.000,12.3
,,,10/21/2020 02:14:49 pm,153.500,12.2
,,,10/21/2020 02:14:50 pm,154.000,12.1
,,,10/21/2020 02:14:50 pm,154.500,12.1
,,,10/21/2020 02:14:51 pm,155.000,12.1
,,,10/21/2020 02:14:51 pm,155.500,12.1
,,,10/21/2020 02:14:52 pm,156.000,12.0
,,,10/21/2020 02:14:52 pm,156.500,12.0
,,,10/21/2020 02:14:53 pm,157.000,11.9
,,,10/21/2020 02:14:53 pm,157.500,11.9
,,,10/21/2020 02:14:54 pm,158.000,11.9
,,,10/21/2020 02:14:54 pm,158.500,11.8
,,,10/21/2020 02:14:55 pm,159.000,11.8
,,,10/21/2020 02:14:55 pm,159.500,11.8
,,,10/21/2020 02:14:56 pm,160.000,11.7
,,,10/21/2020 02:14:56 pm,160.500,11.7
,,,10/21/2020 02:14:57 pm,161.000,11.7
,,,10/21/2020 02:14:57 pm,161.500,11.6
,,,10/21/2020 02:14:58 pm,162.000,11.5
,,,10/21/2020 02:14:58 pm,162.500,11.5
,,,10/21/2020 02:14:59 pm,163.000,11.5
,,,10/21/2020 02:14:59 pm,163.500,11.5
,,,10/21/2020 02:15:00 pm,164.000,11.4
,,,10/21/2020 02:15:00 pm,164.500,11.4
,,,10/21/2020 02:15:01 pm,165.000,11.4
,,,10/21/2020 02:15:01 pm,165.500,11.3
,,,10/21/2020 02:15:02 pm,166.000,11.3
,,,10/21/2020 02:15:02 pm,166.500,11.2
,,,10/21/2020 02:15:03 pm,167.000,11.2
,,,10/21/2020 02:15:03 pm,167.500,11.2
,,,10/21/2020 02:15:04 pm,168.000,11.1
,,,10/21/2020 02:15:04 pm,168.500,11.1
,,,10/21/2020 02:15:05 pm,169.000,11.1
,,,10/21/2020 02:15:05 pm,169.500,11.0
,,,10/21/2020 02:15:06 pm,170.000,11.0
,,,10/21/2020 02:15:06 pm,170.500,11.0
,,,10/21/2020 02:15:07 pm,171.000,11.0
,,,10/21/2020 02:15:07 pm,171.500,10.9
,,,10/21/2020 02:15:08 pm,172.000,10.9
,,,10/21/2020 02:15:08 pm,172.500,10.9
,,,10/21/2020 02:15:09 pm,173.000,10.8
,,,10/21/2020 02:15:09 pm,173.500,10.8
,,,10/21/2020 02:15:10 pm,174.000,10.7
,,,10/21/2020 02:15:10 pm,174.500,10.7
,,,10/21/2020 02:15:11 pm,175.000,10.6
,,,10/21/2020 02:15:11 pm,175.500,10.6
,,,10/21/2020 02:15:12 pm,176.000,10.5
,,,10/21/2020 02:15:12 pm,176.500,10.5
,,,10/21/2020 02:15:13 pm,177.000,10.4
,,,10/21/2020 02:15:13 pm,177.500,10.4
,,,10/21/2020 02:15:14 pm,178.000,10.4
,,,10/21/2020 02:15:14 pm,178.500,10.3
,,,10/21/2020 02:15:15 pm,179.000,10.3
,,,10/21/2020 02:15:15 pm,179.500,10.3
,,,10/21/2020 02:15:16 pm,180.000,10.3
,,,10/21/2020 02:15:16 pm,180.500,10.3
,,,10/21/2020 02:15:17 pm,181.000,10.2
,,,10/21/2020 02:15:17 pm,181.500,10.2
,,,10/21/2020 02:15:18 pm,182.000,10.2
,,,10/21/2020 02:15:18 pm,182.500,10.1
,,,10/21/2020 02:15:19 pm,183.000,10.1
,,,10/21/2020 02:15:19 pm,183.500,10.1
,,,10/21/2020 02:15:20 pm,184.000,10.0
,,,10/21/2020 02:15:20 pm,184.500,10.0
,,,10/21/2020 02:15:21 pm,185.000,10.0
,,,10/21/2020 02:15:21 pm,185.500,10.0
,,,10/21/2020 02:15:22 pm,186.000,9.9
,,,10/21/2020 02:15:22 pm,186.500,9.9
,,,10/21/2020 02:15:23 pm,187.000,9.8
,,,10/21/2020 02:15:23 pm,187.500,9.8
,,,10/21/2020 02:15:24 pm,188.000,9.7
,,,10/21/2020 02:15:24 pm,188.500,9.7
,,,10/21/2020 02:15:25 pm,189.000,9.7
,,,10/21/2020 02:15:25 pm,189.500,9.7
,,,10/21/2020 02:15:26 pm,190.000,9.7
,,,10/21/2020 02:15:26 pm,190.500,9.6
,,,10/21/2020 02:15:27 pm,191.000,9.6
,,,10/21/2020 02:15:27 pm,191.500,9.6
,,,10/21/2020 02:15:28 pm,192.000,9.6
,,,10/21/2020 02:15:28 pm,192.500,9.6
,,,10/21/2020 02:15:29 pm,193.000,9.5
,,,10/21/2020 02:15:29 pm,193.500,9.5
,,,10/21/2020 02:15:30 pm,194.000,9.5
,,,10/21/2020 02:15:30 pm,194.500,9.5
,,,10/21/2020 02:15:31 pm,195.000,9.5
,,,10/21/2020 02:15:31 pm,195.500,9.4
,,,10/21/2020 02:15:32 pm,196.000,9.4
,,,10/21/2020 02:15:32 pm,196.500,9.4
,,,10/21/2020 02:15:33 pm,197.000,9.4
,,,10/21/2020 02:15:33 pm,197.500,9.3
,,,10/21/2020 02:15:34 pm,198.000,9.3
,,,10/21/2020 02:15:34 pm,198.500,9.3
,,,10/21/2020 02:15:35 pm,199.000,9.3
,,,10/21/2020 02:15:35 pm,199.500,9.3
,,,10/21/2020 02:15:36 pm,200.000,9.3
,,,10/21/2020 02:15:36 pm,200.500,9.3
,,,10/21/2020 02:15:37 pm,201.000,9.3
,,,10/21/2020 02:15:37 pm,201.500,9.2
,,,10/21/2020 02:15:38 pm,202.000,9.2
,,,10/21/2020 02:15:38 pm,202.500,9.2
,,,10/21/2020 02:15:39 pm,203.000,9.2
,,,10/21/2020 02:15:39 pm,203.500,9.2
,,,10/21/2020 02:15:40 pm,204.000,9.2
,,,10/21/2020 02:15:40 pm,204.500,9.1
,,,10/21/2020 02:15:41 pm,205.000,9.1
,,,10/21/2020 02:15:41 pm,205.500,9.1
,,,10/21/2020 02:15:42 pm,206.000,9.1
,,,10/21/2020 02:15:42 pm,206.500,9.0
,,,10/21/2020 02:15:43 pm,207.000,9.0
,,,10/21/2020 02:15:43 pm,207.500,9.0
,,,10/21/2020 02:15:44 pm,208.000,9.0
,,,10/21/2020 02:15:44 pm,208.500,9.0
,,,10/21/2020 02:15:45 pm,209.000,9.0
,,,10/21/2020 02:15:45 pm,209.500,9.0
,,,10/21/2020 02:15:46 pm,210.000,9.0
,,,10/21/2020 02:15:46 pm,210.500,8.9
,,,10/21/2020 02:15:47 pm,211.000,8.9
,,,10/21/2020 02:15:47 pm,211.500,8.9
,,,10/21/2020 02:15:48 pm,212.000,8.9
,,,10/21/2020 02:15:48 pm,212.500,8.9
,,,10/21/2020 02:15:49 pm,213.000,8.9
,,,10/21/2020 02:15:49 pm,213.500,8.9
,,,10/21/2020 02:15:50 pm,214.000,8.9
,,,10/21/2020 02:15:50 pm,214.500,8.8
,,,10/21/2020 02:15:51 pm,215.000,8.8
,,,10/21/2020 02:15:51 pm,215.500,8.8
,,,10/21/2020 02:15:52 pm,216.000,8.8
,,,10/21/2020 02:15:52 pm,216.500,8.8
,,,10/21/2020 02:15:53 pm,217.000,8.8
,,,10/21/2020 02:15:53 pm,217.500,8.7
,,,10/21/2020 02:15:54 pm,218.000,8.7
,,,10/21/2020 02:15:54 pm,218.500,8.7
,,,10/21/2020 02:15:55 pm,219.000,8.7
,,,10/21/2020 02:15:55 pm,219.500,8.7
,,,10/21/2020 02:15:56 pm,220.000,8.7
,,,10/21/2020 02:15:56 pm,220.500,8.7
,,,10/21/2020 02:15:57 pm,221.000,8.7
,,,10/21/2020 02:15:57 pm,221.500,8.6
,,,10/21/2020 02:15:58 pm,222.000,8.6
,,,10/21/2020 02:15:58 pm,222.500,8.6
,,,10/21/2020 02:15:59 pm,223.000,8.6
,,,10/21/2020 02:15:59 pm,223.500,8.6
,,,10/21/2020 02:16:00 pm,224.000,8.5
,,,10/21/2020 02:16:00 pm,224.500,8.5
,,,10/21/2020 02:16:01 pm,225.000,8.5
,,,10/21/2020 02:16:01 pm,225.500,8.5
,,,10/21/2020 02:16:02 pm,226.000,8.5
,,,10/21/2020 02:16:02 pm,226.500,8.5
,,,10/21/2020 02:16:03 pm,227.000,8.5
,,,10/21/2020 02:16:03 pm,227.500,8.5
,,,10/21/2020 02:16:04 pm,228.000,8.4
,,,10/21/2020 02:16:04 pm,228.500,8.4
,,,10/21/2020 02:16:05 pm,229.000,8.4
,,,10/21/2020 02:16:05 pm,229.500,8.4
,,,10/21/2020 02:16:06 pm,230.000,8.4
,,,10/21/2020 02:16:06 pm,230.500,8.4
,,,10/21/2020 02:16:07 pm,231.000,8.4
,,,10/21/2020 02:16:07 pm,231.500,8.3
,,,10/21/2020 02:16:08 pm,232.000,8.3
,,,10/21/2020 02:16:08 pm,232.500,8.3
,,,10/21/2020 02:16:09 pm,233.000,8.3
,,,10/21/2020 02:16:09 pm,233.500,8.3
,,,10/21/2020 02:16:10 pm,234.000,8.3
,,,10/21/2020 02:16:10 pm,234.500,8.3
,,,10/21/2020 02:16:11 pm,235.000,8.3
,,,10/21/2020 02:16:11 pm,235.500,8.3
,,,10/21/2020 02:16:12 pm,236.000,8.3
,,,10/21/2020 02:16:12 pm,236.500,8.2
,,,10/21/2020 02:16:13 pm,237.000,8.3
,,,10/21/2020 02:16:13 pm,237.500,8.2
,,,10/21/2020 02:16:14 pm,238.000,8.2
,,,10/21/2020 02:16:14 pm,238.500,8.2
,,,10/21/2020 02:16:15 pm,239.000,8.2
,,,10/21/2020 02:16:15 pm,239.500,8.2
,,,10/21/2020 02:16:16 pm,240.000,8.2
,,,10/21/2020 02:16:16 pm,240.500,8.2
,,,10/21/2020 02:16:17 pm,241.000,8.2
,,,10/21/2020 02:16:17 pm,241.500,8.2
,,,10/21/2020 02:16:18 pm,242.000,8.2
,,,10/21/2020 02:16:18 pm,242.500,8.1
,,,10/21/2020 02:16:19 pm,243.000,8.1
,,,10/21/2020 02:16:19 pm,243.500,8.1
,,,10/21/2020 02:16:20 pm,244.000,8.1
,,,10/21/2020 02:16:20 pm,244.500,8.1
,,,10/21/2020 02:16:21 pm,245.000,8.1
,,,10/21/2020 02:16:21 pm,245.500,8.1
,,,10/21/2020 02:16:22 pm,246.000,8.1
,,,10/21/2020 02:16:22 pm,246.500,8.1
,,,10/21/2020 02:16:23 pm,247.000,8.1
,,,10/21/2020 02:16:23 pm,247.500,8.1
,,,10/21/2020 02:16:24 pm,248.000,8.1
,,,10/21/2020 02:16:24 pm,248.500,8.1
,,,10/21/2020 02:16:25 pm,249.000,8.1
,,,10/21/2020 02:16:25 pm,249.500,8.1
,,,10/21/2020 02:16:26 pm,250.000,8.1
,,,10/21/2020 02:16:26 pm,250.500,8.1
,,,10/21/2020 02:16:27 pm,251.000,8.1
,,,10/21/2020 02:16:27 pm,251.500,8.1
,,,10/21/2020 02:16:28 pm,252.000,8.1
,,,10/21/2020 02:16:28 pm,252.500,8.1
,,,10/21/2020 02:16:29 pm,253.000,8.1
,,,10/21/2020 02:16:29 pm,253.500,8.1
,,,10/21/2020 02:16:30 pm,254.000,8.1
,,,10/21/2020 02:16:30 pm,254.500,8.1
,,,10/21/2020 02:16:31 pm,255.000,8.1
,,,10/21/2020 02:16:31 pm,255.500,8.1
,,,10/21/2020 02:16:32 pm,256.000,8.1
,,,10/21/2020 02:16:32 pm,256.500,8.1
,,,10/21/2020 02:16:33 pm,257.000,8.1
,,,10/21/2020 02:16:33 pm,257.500,8.1
,,,10/21/2020 02:16:34 pm,258.000,8.1
,,,10/21/2020 02:16:34 pm,258.500,8.1
,,,10/21/2020 02:16:35 pm,259.000,8.1
,,,10/21/2020 02:16:35 pm,259.500,8.1
,,,10/21/2020 02:16:36 pm,260.000,8.1
,,,10/21/2020 02:16:36 pm,260.500,8.1
,,,10/21/2020 02:16:37 pm,261.000,8.1
,,,10/21/2020 02:16:37 pm,261.500,8.1
,,,10/21/2020 02:16:38 pm,262.000,8.1
,,,10/21/2020 02:16:38 pm,262.500,8.1
,,,10/21/2020 02:16:39 pm,263.000,8.1
,,,10/21/2020 02:16:39 pm,263.500,8.1
,,,10/21/2020 02:16:40 pm,264.000,8.1
,,,10/21/2020 02:16:40 pm,264.500,8.1
,,,10/21/2020 02:16:41 pm,265.000,8.1
,,,10/21/2020 02:16:41 pm,265.500,8.1
,,,10/21/2020 02:16:42 pm,266.000,8.1
,,,10/21/2020 02:16:42 pm,266.500,8.1
,,,10/21/2020 02:16:43 pm,267.000,8.0
,,,10/21/2020 02:16:43 pm,267.500,8.0
,,,10/21/2020 02:16:44 pm,268.000,8.0
,,,10/21/2020 02:16:44 pm,268.500,8.0
,,,10/21/2020 02:16:45 pm,269.000,8.0
,,,10/21/2020 02:16:45 pm,269.500,7.9
,,,10/21/2020 02:16:46 pm,270.000,7.9
,,,10/21/2020 02:16:46 pm,270.500,7.9
,,,10/21/2020 02:16:47 pm,271.000,7.9
,,,10/21/2020 02:16:47 pm,271.500,7.9
,,,10/21/2020 02:16:48 pm,272.000,7.9
,,,10/21/2020 02:16:48 pm,272.500,7.9
,,,10/21/2020 02:16:49 pm,273.000,7.8
,,,10/21/2020 02:16:49 pm,273.500,7.9
,,,10/21/2020 02:16:50 pm,274.000,7.8
,,,10/21/2020 02:16:50 pm,274.500,7.8
,,,10/21/2020 02:16:51 pm,275.000,7.8
,,,10/21/2020 02:16:51 pm,275.500,7.8
,,,10/21/2020 02:16:52 pm,276.000,7.8
,,,10/21/2020 02:16:52 pm,276.500,7.8
,,,10/21/2020 02:16:53 pm,277.000,7.8
,,,10/21/2020 02:16:53 pm,277.500,7.8
,,,10/21/2020 02:16:54 pm,278.000,7.8
,,,10/21/2020 02:16:54 pm,278.500,7.8
,,,10/21/2020 02:16:55 pm,279.000,7.8
,,,10/21/2020 02:16:55 pm,279.500,7.8
,,,10/21/2020 02:16:56 pm,280.000,7.8
,,,10/21/2020 02:16:56 pm,280.500,7.8
,,,10/21/2020 02:16:57 pm,281.000,7.8
,,,10/21/2020 02:16:57 pm,281.500,7.8
,,,10/21/2020 02:16:58 pm,282.000,7.8
,,,10/21/2020 02:16:58 pm,282.500,7.8
,,,10/21/2020 02:16:59 pm,283.000,7.8
,,,10/21/2020 02:16:59 pm,283.500,7.8
,,,10/21/2020 02:17:00 pm,284.000,7.8
,,,10/21/2020 02:17:00 pm,284.500,7.8
,,,10/21/2020 02:17:01 pm,285.000,7.8
,,,10/21/2020 02:17:01 pm,285.500,7.8
,,,10/21/2020 02:17:02 pm,286.000,7.8
,,,10/21/2020 02:17:02 pm,286.500,7.8
,,,10/21/2020 02:17:03 pm,287.000,7.8
,,,10/21/2020 02:17:03 pm,287.500,7.8
,,,10/21/2020 02:17:04 pm,288.000,7.8
,,,10/21/2020 02:17:04 pm,288.500,7.8
,,,10/21/2020 02:17:05 pm,289.000,7.8
,,,10/21/2020 02:17:05 pm,289.500,7.8
,,,10/21/2020 02:17:06 pm,290.000,7.7
,,,10/21/2020 02:17:06 pm,290.500,7.7
,,,10/21/2020 02:17:07 pm,291.000,7.7
,,,10/21/2020 02:17:07 pm,291.500,7.7
,,,10/21/2020 02:17:08 pm,292.000,7.7
,,,10/21/2020 02:17:08 pm,292.500,7.7
,,,10/21/2020 02:17:09 pm,293.000,7.7
,,,10/21/2020 02:17:09 pm,293.500,7.7
,,,10/21/2020 02:17:10 pm,294.000,7.7
,,,10/21/2020 02:17:10 pm,294.500,7.7
,,,10/21/2020 02:17:11 pm,295.000,7.7
,,,10/21/2020 02:17:11 pm,295.500,7.7
,,,10/21/2020 02:17:12 pm,296.000,7.7
,,,10/21/2020 02:17:12 pm,296.500,7.7
,,,10/21/2020 02:17:13 pm,297.000,7.6
,,,10/21/2020 02:17:13 pm,297.500,7.6
,,,10/21/2020 02:17:14 pm,298.000,7.6
,,,10/21/2020 02:17:14 pm,298.500,7.5
,,,10/21/2020 02:17:15 pm,299.000,7.5
,,,10/21/2020 02:17:15 pm,299.500,7.5
,,,10/21/2020 02:17:16 pm,300.000,7.5
,,,10/21/2020 02:17:16 pm,300.500,7.5
,,,10/21/2020 02:17:17 pm,301.000,7.5
,,,10/21/2020 02:17:17 pm,301.500,7.5
,,,10/21/2020 02:17:18 pm,302.000,7.5
,,,10/21/2020 02:17:18 pm,302.500,7.5
,,,10/21/2020 02:17:19 pm,303.000,7.5
,,,10/21/2020 02:17:19 pm,303.500,7.5
,,,10/21/2020 02:17:20 pm,304.000,7.4
,,,10/21/2020 02:17:20 pm,304.500,7.4
,,,10/21/2020 02:17:21 pm,305.000,7.4
,,,10/21/2020 02:17:21 pm,305.500,7.4
,,,10/21/2020 02:17:22 pm,306.000,7.4
,,,10/21/2020 02:17:22 pm,306.500,7.4
,,,10/21/2020 02:17:23 pm,307.000,7.4
,,,10/21/2020 02:17:23 pm,307.500,7.4
,,,10/21/2020 02:17:24 pm,308.000,7.4
,,,10/21/2020 02:17:24 pm,308.500,7.4
,,,10/21/2020 02:17:25 pm,309.000,7.4
,,,10/21/2020 02:17:25 pm,309.500,7.5
,,,10/21/2020 02:17:26 pm,310.000,7.4
,,,10/21/2020 02:17:26 pm,310.500,7.4
,,,10/21/2020 02:17:27 pm,311.000,7.4
,,,10/21/2020 02:17:27 pm,311.500,7.4
,,,10/21/2020 02:17:28 pm,312.000,7.4
,,,10/21/2020 02:17:28 pm,312.500,7.4
,,,10/21/2020 02:17:29 pm,313.000,7.4
,,,10/21/2020 02:17:29 pm,313.500,7.5
,,,10/21/2020 02:17:30 pm,314.000,7.4
,,,10/21/2020 02:17:30 pm,314.500,7.4
,,,10/21/2020 02:17:31 pm,315.000,7.4
,,,10/21/2020 02:17:31 pm,315.500,7.4
,,,10/21/2020 02:17:32 pm,316.000,7.4
,,,10/21/2020 02:17:32 pm,316.500,7.4
,,,10/21/2020 02:17:33 pm,317.000,7.4
,,,10/21/2020 02:17:33 pm,317.500,7.4
,,,10/21/2020 02:17:34 pm,318.000,7.3
,,,10/21/2020 02:17:34 pm,318.500,7.3
,,,10/21/2020 02:17:35 pm,319.000,7.3
,,,10/21/2020 02:17:35 pm,319.500,7.3
,,,10/21/2020 02:17:36 pm,320.000,7.3
,,,10/21/2020 02:17:36 pm,320.500,7.2
,,,10/21/2020 02:17:37 pm,321.000,7.2
,,,10/21/2020 02:17:37 pm,321.500,7.2
,,,10/21/2020 02:17:38 pm,322.000,7.2
,,,10/21/2020 02:17:38 pm,322.500,7.3
,,,10/21/2020 02:17:39 pm,323.000,7.3
,,,10/21/2020 02:17:39 pm,323.500,7.4
,,,10/21/2020 02:17:40 pm,324.000,7.4
,,,10/21/2020 02:17:40 pm,324.500,7.4
,,,10/21/2020 02:17:41 pm,325.000,7.5
,,,10/21/2020 02:17:41 pm,325.500,7.6
,,,10/21/2020 02:17:42 pm,326.000,7.7
,,,10/21/2020 02:17:42 pm,326.500,7.8
,,,10/21/2020 02:17:43 pm,327.000,7.8
,,,10/21/2020 02:17:43 pm,327.500,7.9
,,,10/21/2020 02:17:44 pm,328.000,8.0
,,,10/21/2020 02:17:44 pm,328.500,8.1
,,,10/21/2020 02:17:45 pm,329.000,8.1
,,,10/21/2020 02:17:45 pm,329.500,8.2
,,,10/21/2020 02:17:46 pm,330.000,8.2
,,,10/21/2020 02:17:46 pm,330.500,8.3
,,,10/21/2020 02:17:47 pm,331.000,8.3
,,,10/21/2020 02:17:47 pm,331.500,8.4
,,,10/21/2020 02:17:48 pm,332.000,8.4
,,,10/21/2020 02:17:48 pm,332.500,9.5
,,,10/21/2020 02:17:49 pm,333.000,11.7
,,,10/21/2020 02:17:49 pm,333.500,13.4
,,,10/21/2020 02:17:50 pm,334.000,15.0
,,,10/21/2020 02:17:50 pm,334.500,16.0
,,,10/21/2020 02:17:51 pm,335.000,16.7
,,,10/21/2020 02:17:51 pm,335.500,17.1
,,,10/21/2020 02:17:52 pm,336.000,17.0
,,,10/21/2020 02:17:52 pm,336.500,16.1
,,,10/21/2020 02:17:53 pm,337.000,15.3
,,,10/21/2020 02:17:53 pm,337.500,14.2
,,,10/21/2020 02:17:54 pm,338.000,13.1
,,,10/21/2020 02:17:54 pm,338.500,12.0
,,,10/21/2020 02:17:55 pm,339.000,11.4
,,,10/21/2020 02:17:55 pm,339.500,10.9
,,,10/21/2020 02:17:56 pm,340.000,10.5
,,,10/21/2020 02:17:56 pm,340.500,9.9
,,,10/21/2020 02:17:57 pm,341.000,9.5
,,,10/21/2020 02:17:57 pm,341.500,9.0
,,,10/21/2020 02:17:58 pm,342.000,8.4
,,,10/21/2020 02:17:58 pm,342.500,7.9
,,,10/21/2020 02:17:59 pm,343.000,7.5
,,,10/21/2020 02:17:59 pm,343.500,7.2
,,,10/21/2020 02:18:00 pm,344.000,6.9
,,,10/21/2020 02:18:00 pm,344.500,7.2
,,,10/21/2020 02:18:01 pm,345.000,8.1
,,,10/21/2020 02:18:01 pm,345.500,9.0
,,,10/21/2020 02:18:02 pm,346.000,9.6
,,,10/21/2020 02:18:02 pm,346.500,10.2
,,,10/21/2020 02:18:03 pm,347.000,10.6
,,,10/21/2020 02:18:03 pm,347.500,10.9
,,,10/21/2020 02:18:04 pm,348.000,11.2
,,,10/21/2020 02:18:04 pm,348.500,11.5
,,,10/21/2020 02:18:05 pm,349.000,11.6
,,,10/21/2020 02:18:05 pm,349.500,11.8
,,,10/21/2020 02:18:06 pm,350.000,11.9
,,,10/21/2020 02:18:06 pm,350.500,12.0
,,,10/21/2020 02:18:07 pm,351.000,12.1
,,,10/21/2020 02:18:07 pm,351.500,12.1
,,,10/21/2020 02:18:08 pm,352.000,12.2
,,,10/21/2020 02:18:08 pm,352.500,12.2
,,,10/21/2020 02:18:09 pm,353.000,12.1
,,,10/21/2020 02:18:09 pm,353.500,12.1
,,,10/21/2020 02:18:10 pm,354.000,12.1
,,,10/21/2020 02:18:10 pm,354.500,12.1
,,,10/21/2020 02:18:11 pm,355.000,12.1
,,,10/21/2020 02:18:11 pm,355.500,12.1
,,,10/21/2020 02:18:12 pm,356.000,12.1
,,,10/21/2020 02:18:12 pm,356.500,12.1
,,,10/21/2020 02:18:13 pm,357.000,12.1
,,,10/21/2020 02:18:13 pm,357.500,12.2
,,,10/21/2020 02:18:14 pm,358.000,12.3
,,,10/21/2020 02:18:14 pm,358.500,12.5
,,,10/21/2020 02:18:15 pm,359.000,12.5
,,,10/21/2020 02:18:15 pm,359.500,12.6
,,,10/21/2020 02:18:16 pm,360.000,12.6
,,,10/21/2020 02:18:16 pm,360.500,12.6
,,,10/21/2020 02:18:17 pm,361.000,12.7
,,,10/21/2020 02:18:17 pm,361.500,12.7
,,,10/21/2020 02:18:18 pm,362.000,12.7
,,,10/21/2020 02:18:18 pm,362.500,12.7
,,,10/21/2020 02:18:19 pm,363.000,12.7
,,,10/21/2020 02:18:19 pm,363.500,12.7
,,,10/21/2020 02:18:20 pm,364.000,12.7
,,,10/21/2020 02:18:20 pm,364.500,12.7
,,,10/21/2020 02:18:21 pm,365.000,12.7
,,,10/21/2020 02:18:21 pm,365.500,12.7
,,,10/21/2020 02:18:22 pm,366.000,12.7
,,,10/21/2020 02:18:22 pm,366.500,12.7
,,,10/21/2020 02:18:23 pm,367.000,12.7
,,,10/21/2020 02:18:23 pm,367.500,12.7
,,,10/21/2020 02:18:24 pm,368.000,12.7
,,,10/21/2020 02:18:24 pm,368.500,12.7
,,,10/21/2020 02:18:25 pm,369.000,12.7
,,,10/21/2020 02:18:25 pm,369.500,12.7
,,,10/21/2020 02:18:26 pm,370.000,12.7
,,,10/21/2020 02:18:26 pm,370.500,12.7
,,,10/21/2020 02:18:27 pm,371.000,12.7
,,,10/21/2020 02:18:27 pm,371.500,12.7
,,,10/21/2020 02:18:28 pm,372.000,12.7
,,,10/21/2020 02:18:28 pm,372.500,13.1
,,,10/21/2020 02:18:29 pm,373.000,13.4
,,,10/21/2020 02:18:29 pm,373.500,13.6
,,,10/21/2020 02:18:30 pm,374.000,13.7
,,,10/21/2020 02:18:30 pm,374.500,13.7
,,,10/21/2020 02:18:31 pm,375.000,13.7
,,,10/21/2020 02:18:31 pm,375.500,13.8
,,,10/21/2020 02:18:32 pm,376.000,13.7
,,,10/21/2020 02:18:32 pm,376.500,13.7
,,,10/21/2020 02:18:33 pm,377.000,13.6
,,,10/21/2020 02:18:33 pm,377.500,13.6
,,,10/21/2020 02:18:34 pm,378.000,13.6
,,,10/21/2020 02:18:34 pm,378.500,13.5
,,,10/21/2020 02:18:35 pm,379.000,13.5
,,,10/21/2020 02:18:35 pm,379.500,13.4
,,,10/21/2020 02:18:36 pm,380.000,13.3
,,,10/21/2020 02:18:36 pm,380.500,13.2
,,,10/21/2020 02:18:37 pm,381.000,13.2
,,,10/21/2020 02:18:37 pm,381.500,13.1
,,,10/21/2020 02:18:38 pm,382.000,13.1
,,,10/21/2020 02:18:38 pm,382.500,13.0
,,,10/21/2020 02:18:39 pm,383.000,13.0
,,,10/21/2020 02:18:39 pm,383.500,12.9
,,,10/21/2020 02:18:40 pm,384.000,12.9
,,,10/21/2020 02:18:40 pm,384.500,12.9
,,,10/21/2020 02:18:41 pm,385.000,12.9
,,,10/21/2020 02:18:41 pm,385.500,12.9
,,,10/21/2020 02:18:42 pm,386.000,12.9
,,,10/21/2020 02:18:42 pm,386.500,12.9
,,,10/21/2020 02:18:43 pm,387.000,12.9
,,,10/21/2020 02:18:43 pm,387.500,12.8
,,,10/21/2020 02:18:44 pm,388.000,12.9
,,,10/21/2020 02:18:44 pm,388.500,12.8
,,,10/21/2020 02:18:45 pm,389.000,12.8
,,,10/21/2020 02:18:45 pm,389.500,12.8
,,,10/21/2020 02:18:46 pm,390.000,12.8
,,,10/21/2020 02:18:46 pm,390.500,12.8
,,,10/21/2020 02:18:47 pm,391.000,12.8
,,,10/21/2020 02:18:47 pm,391.500,12.8
,,,10/21/2020 02:18:48 pm,392.000,12.8
,,,10/21/2020 02:18:48 pm,392.500,12.8
,,,10/21/2020 02:18:49 pm,393.000,12.8
,,,10/21/2020 02:18:49 pm,393.500,12.8
,,,10/21/2020 02:18:50 pm,394.000,12.8
,,,10/21/2020 02:18:50 pm,394.500,12.8
,,,10/21/2020 02:18:51 pm,395.000,12.8
,,,10/21/2020 02:18:51 pm,395.500,12.8
,,,10/21/2020 02:18:52 pm,396.000,12.8
,,,10/21/2020 02:18:52 pm,396.500,12.8
,,,10/21/2020 02:18:53 pm,397.000,12.8
,,,10/21/2020 02:18:53 pm,397.500,12.8
,,,10/21/2020 02:18:54 pm,398.000,12.8
,,,10/21/2020 02:18:54 pm,398.500,12.8
,,,10/21/2020 02:18:55 pm,399.000,12.8
,,,10/21/2020 02:18:55 pm,399.500,12.8
,,,10/21/2020 02:18:56 pm,400.000,12.8
,,,10/21/2020 02:18:56 pm,400.500,12.8
,,,10/21/2020 02:18:57 pm,401.000,12.8
,,,10/21/2020 02:18:57 pm,401.500,12.7
,,,10/21/2020 02:18:58 pm,402.000,12.8
,,,10/21/2020 02:18:58 pm,402.500,12.7
,,,10/21/2020 02:18:59 pm,403.000,12.7
,,,10/21/2020 02:18:59 pm,403.500,12.8
,,,10/21/2020 02:19:00 pm,404.000,12.7
,,,10/21/2020 02:19:00 pm,404.500,12.7
,,,10/21/2020 02:19:01 pm,405.000,12.8
,,,10/21/2020 02:19:01 pm,405.500,12.8
,,,10/21/2020 02:19:02 pm,406.000,12.7
,,,10/21/2020 02:19:02 pm,406.500,12.8
,,,10/21/2020 02:19:03 pm,407.000,12.8
,,,10/21/2020 02:19:03 pm,407.500,12.8
,,,10/21/2020 02:19:04 pm,408.000,12.8
,,,10/21/2020 02:19:04 pm,408.500,13.4
,,,10/21/2020 02:19:05 pm,409.000,15.3
,,,10/21/2020 02:19:05 pm,409.500,17.7
,,,10/21/2020 02:19:06 pm,410.000,20.7
,,,10/21/2020 02:19:06 pm,410.500,23.5
,,,10/21/2020 02:19:07 pm,411.000,25.9
,,,10/21/2020 02:19:07 pm,411.500,28.1
,,,10/21/2020 02:19:08 pm,412.000,29.8
,,,10/21/2020 02:19:08 pm,412.500,31.3
,,,10/21/2020 02:19:09 pm,413.000,32.3
,,,10/21/2020 02:19:09 pm,413.500,33.3
,,,10/21/2020 02:19:10 pm,414.000,34.1
,,,10/21/2020 02:19:10 pm,414.500,34.7
,,,10/21/2020 02:19:11 pm,415.000,35.5
,,,10/21/2020 02:19:11 pm,415.500,36.1
,,,10/21/2020 02:19:12 pm,416.000,36.5
,,,10/21/2020 02:19:12 pm,416.500,36.9
,,,10/21/2020 02:19:13 pm,417.000,37.1
,,,10/21/2020 02:19:13 pm,417.500,37.4
,,,10/21/2020 02:19:14 pm,418.000,37.6
,,,10/21/2020 02:19:14 pm,418.500,37.8
,,,10/21/2020 02:19:15 pm,419.000,38.0
,,,10/21/2020 02:19:15 pm,419.500,38.2
,,,10/21/2020 02:19:16 pm,420.000,38.3
,,,10/21/2020 02:19:16 pm,420.500,38.5
,,,10/21/2020 02:19:17 pm,421.000,38.6
,,,10/21/2020 02:19:17 pm,421.500,38.7
,,,10/21/2020 02:19:18 pm,422.000,38.7
,,,10/21/2020 02:19:18 pm,422.500,38.7
,,,10/21/2020 02:19:19 pm,423.000,38.8
,,,10/21/2020 02:19:19 pm,423.500,38.9
,,,10/21/2020 02:19:20 pm,424.000,39.0
,,,10/21/2020 02:19:20 pm,424.500,39.0
,,,10/21/2020 02:19:21 pm,425.000,39.1
,,,10/21/2020 02:19:21 pm,425.500,39.1
,,,10/21/2020 02:19:22 pm,426.000,39.1
,,,10/21/2020 02:19:22 pm,426.500,38.9
,,,10/21/2020 02:19:23 pm,427.000,38.8
,,,10/21/2020 02:19:23 pm,427.500,38.7
,,,10/21/2020 02:19:24 pm,428.000,38.7
,,,10/21/2020 02:19:24 pm,428.500,38.6
,,,10/21/2020 02:19:25 pm,429.000,38.6
,,,10/21/2020 02:19:25 pm,429.500,38.5
,,,10/21/2020 02:19:26 pm,430.000,38.5
,,,10/21/2020 02:19:26 pm,430.500,38.4
,,,10/21/2020 02:19:27 pm,431.000,38.4
,,,10/21/2020 02:19:27 pm,431.500,38.4
,,,10/21/2020 02:19:28 pm,432.000,38.4
,,,10/21/2020 02:19:28 pm,432.500,38.5
,,,10/21/2020 02:19:29 pm,433.000,38.5
,,,10/21/2020 02:19:29 pm,433.500,38.5
,,,10/21/2020 02:19:30 pm,434.000,38.5
,,,10/21/2020 02:19:30 pm,434.500,38.5
,,,10/21/2020 02:19:31 pm,435.000,38.4
,,,10/21/2020 02:19:31 pm,435.500,38.3
,,,10/21/2020 02:19:32 pm,436.000,38.1
,,,10/21/2020 02:19:32 pm,436.500,38.0
,,,10/21/2020 02:19:33 pm,437.000,37.8
,,,10/21/2020 02:19:33 pm,437.500,37.6
,,,10/21/2020 02:19:34 pm,438.000,37.3
,,,10/21/2020 02:19:34 pm,438.500,37.0
,,,10/21/2020 02:19:35 pm,439.000,36.7
,,,10/21/2020 02:19:35 pm,439.500,36.5
,,,10/21/2020 02:19:36 pm,440.000,36.1
,,,10/21/2020 02:19:36 pm,440.500,35.8
,,,10/21/2020 02:19:37 pm,441.000,35.5
,,,10/21/2020 02:19:37 pm,441.500,35.2
,,,10/21/2020 02:19:38 pm,442.000,34.9
,,,10/21/2020 02:19:38 pm,442.500,34.6
,,,10/21/2020 02:19:39 pm,443.000,34.4
,,,10/21/2020 02:19:39 pm,443.500,34.2
,,,10/21/2020 02:19:40 pm,444.000,34.0
,,,10/21/2020 02:19:40 pm,444.500,33.7
,,,10/21/2020 02:19:41 pm,445.000,33.5
,,,10/21/2020 02:19:41 pm,445.500,33.3
,,,10/21/2020 02:19:42 pm,446.000,33.1
,,,10/21/2020 02:19:42 pm,446.500,32.9
,,,10/21/2020 02:19:43 pm,447.000,32.7
,,,10/21/2020 02:19:43 pm,447.500,32.5
,,,10/21/2020 02:19:44 pm,448.000,32.4
,,,10/21/2020 02:19:44 pm,448.500,32.2
,,,10/21/2020 02:19:45 pm,449.000,32.0
,,,10/21/2020 02:19:45 pm,449.500,31.8
,,,10/21/2020 02:19:46 pm,450.000,31.7
,,,10/21/2020 02:19:46 pm,450.500,31.5
,,,10/21/2020 02:19:47 pm,451.000,31.3
,,,10/21/2020 02:19:47 pm,451.500,31.2
,,,10/21/2020 02:19:48 pm,452.000,31.0
,,,10/21/2020 02:19:48 pm,452.500,30.9
,,,10/21/2020 02:19:49 pm,453.000,30.7
,,,10/21/2020 02:19:49 pm,453.500,30.6
,,,10/21/2020 02:19:50 pm,454.000,30.5
,,,10/21/2020 02:19:50 pm,454.500,30.4
,,,10/21/2020 02:19:51 pm,455.000,30.3
,,,10/21/2020 02:19:51 pm,455.500,30.2
,,,10/21/2020 02:19:52 pm,456.000,30.1
,,,10/21/2020 02:19:52 pm,456.500,30.0
,,,10/21/2020 02:19:53 pm,457.000,29.9
,,,10/21/2020 02:19:53 pm,457.500,29.8
,,,10/21/2020 02:19:54 pm,458.000,29.7
,,,10/21/2020 02:19:54 pm,458.500,29.7
,,,10/21/2020 02:19:55 pm,459.000,29.6
,,,10/21/2020 02:19:55 pm,459.500,29.6
,,,10/21/2020 02:19:56 pm,460.000,29.5
,,,10/21/2020 02:19:56 pm,460.500,29.4
,,,10/21/2020 02:19:57 pm,461.000,29.4
,,,10/21/2020 02:19:57 pm,461.500,29.3
,,,10/21/2020 02:19:58 pm,462.000,29.2
,,,10/21/2020 02:19:58 pm,462.500,29.1
,,,10/21/2020 02:19:59 pm,463.000,29.1
,,,10/21/2020 02:19:59 pm,463.500,29.1
,,,10/21/2020 02:20:00 pm,464.000,29.0
,,,10/21/2020 02:20:00 pm,464.500,28.9
,,,10/21/2020 02:20:01 pm,465.000,28.9
,,,10/21/2020 02:20:01 pm,465.500,28.8
,,,10/21/2020 02:20:02 pm,466.000,28.8
